date,total_infected,total_recovered,total_deaths,active_cases,infected,new_hospitalized,hospitalized,hospitalized_without_release,hard_status,medium_status,easy_status,respirated,deaths,total_beds,standard_occupancy,num_visits,patients_home,patients_hotel,recovered,test_results,positive_test_results,test_results_virus_diagnosis,percent_positive_change_percent,doubling_rate_days,critical_status
2020-02-12 00:00:00+00:00,0,0,0,0,0,,,,,,,,,,,,,,0,,,,0,,
2020-02-13 00:00:00+00:00,0,0,0,0,0,,,,,,,,,,,,,,0,,,,0,,
2020-02-14 00:00:00+00:00,0,0,0,0,0,,,,,,,,,,,,,,0,,,,0,,
2020-02-15 00:00:00+00:00,0,0,0,0,0,,,,,,,,,,,,,,0,,,,0,,
2020-02-16 00:00:00+00:00,0,0,0,0,0,,,,,,,,,,,,,,0,,,,0,,
2020-02-17 00:00:00+00:00,0,0,0,0,0,,,,,,,,,,,,,,0,,,,0,,
2020-02-18 00:00:00+00:00,0,0,0,0,0,,,,,,,,,,,,,,0,,,,0,,
2020-02-19 00:00:00+00:00,0,0,0,0,0,,,,,,,,,,,,,,0,,,,0,,
2020-02-20 00:00:00+00:00,0,0,0,0,0,,,,,,,,,,,,,,0,29,0,29,0,,
2020-02-21 00:00:00+00:00,1,0,0,1,1,,,,,,,,,,,,,,0,28,1,28,0,,
2020-02-22 00:00:00+00:00,1,0,0,1,0,,,,,,,,,,,,,,0,13,0,13,0,,
2020-02-23 00:00:00+00:00,1,0,0,1,0,,,,,,,,,,,,,,0,56,0,56,0,,
2020-02-24 00:00:00+00:00,2,0,0,2,1,,,,,,,,,,,,,,0,75,1,74,100,1,
2020-02-25 00:00:00+00:00,2,0,0,2,0,,,,,,,,,,,,,,0,108,0,108,0,,
2020-02-26 00:00:00+00:00,2,0,0,2,0,,,,,,,,,,,,,,0,108,0,108,0,,
2020-02-27 00:00:00+00:00,3,0,0,3,1,,,,,,,,,,,,,,0,171,1,171,50,1.709511291351455,
2020-02-28 00:00:00+00:00,6,0,0,6,3,,,,,,,,,,,,,,0,118,3,118,66.66666666666667,1.356915448856724,
2020-02-29 00:00:00+00:00,6,0,0,6,0,,,,,,,,,,,,,,0,158,0,158,0,,
2020-03-01 00:00:00+00:00,7,0,0,7,1,,,,,,,,,,,,,,0,187,1,178,20,3.801784016923927,
2020-03-02 00:00:00+00:00,12,0,0,12,5,3,10,10,0,0,10,0,0,3125,0.0032,5429,-269,0,0,171,5,170,66.66666666666667,1.356915448856724,0
2020-03-03 00:00:00+00:00,15,0,0,15,3,0,10,10,0,0,10,0,0,3125,0.0032,7589,-266,0,0,235,3,227,30,2.641926795811142,0
2020-03-04 00:00:00+00:00,15,0,0,15,0,3,12,11,0,0,12,0,0,3125,0.00384,6755,-267,0,0,129,0,128,0,,0
2020-03-05 00:00:00+00:00,17,0,0,17,2,2,13,13,1,0,12,0,0,3125,0.00416,6836,-267,0,0,173,2,165,7.692307692307687,9.353206684999492,0
2020-03-06 00:00:00+00:00,21,0,0,21,4,3,16,16,2,0,14,1,0,3125,0.00512,4978,-266,0,0,274,4,274,7.14285714285714,10.04664924971331,0
2020-03-07 00:00:00+00:00,25,0,0,25,4,3,20,20,3,0,17,2,0,3125,0.0064,4682,-266,0,0,336,4,324,26.66666666666668,2.932233865905457,0
2020-03-08 00:00:00+00:00,34,0,0,34,9,8,27,27,5,0,22,4,0,3125,0.00864,7075,-264,0,0,421,9,417,42.10526315789474,1.972542256293411,0
2020-03-09 00:00:00+00:00,38,0,0,38,4,16,41,41,5,0,36,4,0,3125,0.01312,6009,-274,0,0,518,4,515,-3.703703703703698,-18.36622036975889,0
2020-03-10 00:00:00+00:00,71,0,0,71,33,19,61,61,6,0,55,5,0,3125,0.01952,5803,-261,0,0,520,33,495,115.3846153846154,0.9034115679880246,0
2020-03-11 00:00:00+00:00,90,0,0,90,19,25,84,83,7,1,76,6,0,3125,0.02688,5719,-264,0,0,401,19,376,33.928571428571416,2.372683193398745,0
2020-03-12 00:00:00+00:00,112,0,0,112,22,23,107,105,7,1,99,6,0,3125,0.03424,5769,-264,0,0,607,22,594,26.66666666666668,2.932233865905457,0
2020-03-13 00:00:00+00:00,147,1,0,146,35,23,127,126,7,5,115,6,0,3125,0.04064,3985,-251,0,1,694,35,689,32.631578947368425,2.454443593002729,0
2020-03-14 00:00:00+00:00,176,1,0,175,29,41,167,165,6,5,156,4,0,3125,0.05344,3550,-261,0,0,614,29,611,19.84126984126986,3.829586233847474,0
2020-03-15 00:00:00+00:00,215,1,0,214,39,41,206,204,9,7,190,6,0,3125,0.06592,5336,-261,0,0,1183,39,1125,19.867549668874158,3.82495260816846,0
2020-03-16 00:00:00+00:00,288,1,0,287,73,25,226,220,11,6,209,7,0,3125,0.07232,4620,-204,0,0,1345,73,1321,38.12154696132597,2.146206462477057,0
2020-03-17 00:00:00+00:00,382,3,0,379,94,46,260,260,12,7,241,7,0,3125,0.0832,4223,-152,0,2,1647,94,1566,24.4,3.174739381318491,0
2020-03-18 00:00:00+00:00,500,5,0,495,118,55,313,275,16,12,285,7,0,3125,0.10016,3764,-51,0,2,2106,118,1990,31.832797427652732,2.508092804269093,0
2020-03-19 00:00:00+00:00,636,9,0,627,136,31,302,270,21,12,269,12,0,3125,0.09664,3927,86,0,4,2076,136,1983,27.80487804878049,2.82531446247106,0
2020-03-20 00:00:00+00:00,804,10,1,793,168,30,294,256,23,15,256,12,1,3125,0.09408,3096,266,0,1,2317,168,2231,25.38167938931297,3.064414994978144,0
2020-03-21 00:00:00+00:00,1014,11,1,1002,210,34,285,282,27,22,236,15,0,3125,0.0912,2791,449,0,1,2108,210,2066,27.54946727549466,2.84854129298314,0
2020-03-22 00:00:00+00:00,1268,15,1,1252,254,54,334,315,38,33,263,22,0,3125,0.10688,4359,666,0,4,3350,254,3219,25.656324582338907,3.035055307705071,0
2020-03-23 00:00:00+00:00,1620,21,1,1598,352,58,364,331,44,37,283,24,0,3125,0.11648,3905,996,0,6,3626,352,3500,26.49572649572649,2.949081343955361,0
2020-03-24 00:00:00+00:00,2043,26,4,2013,423,81,408,354,48,49,311,26,3,3125,0.13056,3835,1388,0,5,4789,423,4640,24.6996996996997,3.14013159852508,0
2020-03-25 00:00:00+00:00,2468,32,5,2431,425,81,428,411,52,54,322,28,1,3125,0.13696,3533,1749,0,6,5936,425,5787,18.482841661649623,4.087001682499074,0
2020-03-26 00:00:00+00:00,2988,42,10,2936,520,81,484,430,56,67,361,31,5,3125,0.15488,3789,2235,0,10,6504,520,6283,19.51219512195122,3.888662317102648,0
2020-03-27 00:00:00+00:00,3421,60,12,3349,433,110,533,483,67,71,395,37,2,3125,0.17056,3129,2595,0,18,5750,433,5584,11.267006802721081,6.49241609594702,0
2020-03-28 00:00:00+00:00,3901,69,13,3819,480,52,528,497,70,83,375,41,1,3125,0.16896,2721,3051,0,9,5739,480,5535,10.317157050057341,7.059296094241984,0
2020-03-29 00:00:00+00:00,4433,84,16,4333,532,69,557,530,80,88,389,50,3,3125,0.17824,4118,3532,0,15,7575,532,7237,9.629373051610667,7.539522625466088,0
2020-03-30 00:00:00+00:00,4980,119,17,4844,547,122,634,585,90,104,440,55,1,3125,0.20288,3750,3988,0,35,7101,547,6822,6.16113744075828,11.59343224104818,0
2020-03-31 00:00:00+00:00,5718,166,21,5531,738,110,684,641,98,116,470,64,4,3125,0.21888,3849,4619,0,47,7989,738,7531,9.375,7.734968007636167,0
2020-04-01 00:00:00+00:00,6421,201,29,6191,703,147,773,731,111,143,519,72,8,3125,0.24736,3912,4493,689,35,9008,696,8578,7.374149659863938,9.742153819376355,0
2020-04-02 00:00:00+00:00,7140,292,38,6810,719,115,817,732,113,145,559,79,9,3125,0.26144,4149,5080,720,91,10225,719,9469,5.043081601621902,14.08824823420413,0
2020-04-03 00:00:00+00:00,7737,350,43,7344,597,97,815,726,131,159,525,93,5,3125,0.2608,3373,5623,717,58,10328,597,9779,3.956574185765982,17.86320463124002,0
2020-04-04 00:00:00+00:00,8165,406,49,7710,428,73,790,752,140,170,480,107,6,3125,0.2528,3031,5961,718,56,6355,428,5988,-1.206776514272456,-57.09063282202936,0
2020-04-05 00:00:00+00:00,8748,511,56,8181,583,99,826,740,135,193,498,107,7,3125,0.26432,4356,6469,693,105,9394,583,8777,1.198026779422134,58.20328859188074,0
2020-04-06 00:00:00+00:00,9199,635,64,8500,451,93,809,695,147,208,454,110,8,3125,0.25888,3937,6730,796,124,7498,451,6769,-2.22841225626742,-30.7571044084289,0
2020-04-07 00:00:00+00:00,9576,758,72,8746,377,73,750,655,160,204,386,106,8,3125,0.24,4155,6993,819,123,6967,377,6176,-8.570750237416902,-7.735608461114353,1
2020-04-08 00:00:00+00:00,9914,873,80,8961,338,57,694,616,166,196,332,115,8,3125,0.22208,3369,7207,859,115,5878,338,4948,-9.296286678784726,-7.103963934761656,0
2020-04-09 00:00:00+00:00,10257,990,89,9178,343,65,669,635,166,189,314,117,9,3125,0.21408,3232,7320,944,117,5748,343,5002,-10.76438591468651,-6.086112857437221,0
2020-04-10 00:00:00+00:00,10616,1132,97,9387,359,54,674,600,170,173,331,128,8,3125,0.21568,3947,7506,1002,142,7347,359,6327,-7.63554700032082,-8.726737110338943,0
2020-04-11 00:00:00+00:00,10961,1262,103,9596,345,40,627,595,182,163,282,130,6,3125,0.20064,3084,7661,1061,130,6702,345,5763,-2.882945467176101,-23.69475758095829,0
2020-04-12 00:00:00+00:00,11513,1538,109,9866,552,90,670,621,177,175,318,130,6,3125,0.2144,4797,7892,1074,276,10598,552,8524,-1.108726752503586,-62.17018617783444,0
2020-04-13 00:00:00+00:00,11951,1833,118,10000,438,91,696,630,192,169,335,137,9,3125,0.22272,4515,7910,1181,295,10950,438,9187,-0.4701627486437543,-147.0802275964471,0
2020-04-14 00:00:00+00:00,12350,2139,126,10085,399,70,684,636,178,173,333,134,8,3125,0.21888,4209,7941,1229,306,12678,399,10965,0.7994186046511587,87.05252461444604,0
2020-04-15 00:00:00+00:00,12661,2430,139,10092,311,69,691,665,179,175,337,132,13,3125,0.22112,3368,7910,1238,291,9450,311,7799,-0.9733237202595446,-70.86731621591349,0
2020-04-16 00:00:00+00:00,12957,2770,146,10041,296,51,702,640,182,163,357,137,7,3125,0.22464,5208,7756,1366,340,12789,296,11209,-1.7109574080815482,-40.16467010650905,0
2020-04-17 00:00:00+00:00,13255,3140,155,9960,298,48,667,613,165,163,339,124,9,3125,0.21344,4060,7720,1348,370,11595,298,9972,-2.259259259259261,-30.3323914955389,0
2020-04-18 00:00:00+00:00,13546,3395,166,9985,291,41,637,611,174,141,322,118,11,3125,0.20384,3696,7434,1661,255,10606,291,8960,-2.046229632436536,-33.52659164455856,0
2020-04-19 00:00:00+00:00,13822,3791,174,9857,276,40,624,574,157,148,319,118,8,3125,0.19968,5597,7297,1707,396,11479,276,9997,-10.67698259187622,-6.138882111967488,0
2020-04-20 00:00:00+00:00,14121,4254,180,9687,299,49,600,547,154,135,311,123,6,3125,0.192,4910,7138,1723,463,15367,299,13295,-6.019922044174964,-11.16406220327939,0
2020-04-21 00:00:00+00:00,14403,4639,189,9575,282,27,550,511,145,146,259,119,9,3125,0.176,4731,7047,1738,385,13612,282,11634,-5.3917050691244315,-12.50603178055511,0
2020-04-22 00:00:00+00:00,14628,5046,192,9390,225,36,525,489,149,122,254,110,3,3125,0.168,4648,6883,1739,407,13293,225,11772,-4.188991719434975,-16.19782866086671,0
2020-04-23 00:00:00+00:00,14904,5391,196,9317,276,32,496,447,146,106,244,114,4,3125,0.15872,5175,6986,1605,345,14183,276,12259,-1.016776817488552,-67.82386129927067,0
2020-04-24 00:00:00+00:00,15152,5744,199,9209,248,26,468,442,144,109,215,108,3,3125,0.14976,4255,6737,1751,353,12627,248,10477,-2.568053415511051,-26.64307489254137,0
2020-04-25 00:00:00+00:00,15311,6132,202,8977,159,8,441,427,136,105,200,107,3,3125,0.14112,3527,6509,1762,388,9077,159,7357,-6.9583552978386916,-9.610625946019873,0
2020-04-26 00:00:00+00:00,15394,6574,204,8616,83,32,437,409,142,91,204,111,2,3125,0.13984,5560,6191,1737,442,8464,83,7342,-10.93484419263455,-5.985623756398049,0
2020-04-27 00:00:00+00:00,15522,7052,208,8262,128,21,413,379,132,89,192,101,4,3125,0.13216,5124,5829,1775,478,11524,128,9399,-10.87786259541985,-6.018865707420688,0
2020-04-28 00:00:00+00:00,15681,7630,213,7838,159,27,391,366,127,85,179,100,5,3125,0.12512,4682,5467,1726,578,10640,159,8815,-8.779443254817975,-7.543234833976736,0
2020-04-29 00:00:00+00:00,15763,7992,219,7552,82,23,383,368,122,86,175,96,6,3125,0.12256,4068,5179,1726,362,8996,82,7393,-11.18935837245697,-5.841273710706825,0
2020-04-30 00:00:00+00:00,15905,8437,225,7243,142,19,377,344,112,87,178,90,6,3125,0.12064,5461,4899,1721,445,9930,142,8593,-11.80616740088105,-5.517231536804165,0
2020-05-01 00:00:00+00:00,16021,8862,229,6930,116,20,345,326,109,81,155,89,4,3125,0.1104,4405,4579,1746,425,11052,116,9221,-13.186813186813179,-4.901626992607727,0
2020-05-02 00:00:00+00:00,16078,9160,232,6686,57,14,337,330,111,66,160,90,3,3125,0.10784,3828,4467,1610,298,5568,57,4761,-11.737629459148451,-5.551558454703905,0
2020-05-03 00:00:00+00:00,16105,9467,235,6403,27,14,326,300,101,71,154,84,3,3125,0.10432,5779,4233,1591,307,8029,27,7400,-7.301173402868322,-9.142688467379458,0
2020-05-04 00:00:00+00:00,16158,9734,238,6186,53,18,308,276,97,71,140,78,3,3125,0.09856,5315,4086,1545,267,9258,53,7954,-10.54852320675105,-6.218024031572235,0
2020-05-05 00:00:00+00:00,16190,10060,240,5890,32,9,271,257,91,61,119,72,2,3125,0.08672,5224,3866,1488,326,8957,32,7687,-19.96855345911951,-3.11176421584573,0
2020-05-06 00:00:00+00:00,16255,10325,241,5689,65,15,267,248,88,61,118,70,1,3125,0.08544,5142,3723,1439,265,9467,65,8546,-3.339882121807447,-20.40510635697743,0
2020-05-07 00:00:00+00:00,16316,10562,242,5512,61,13,255,243,84,60,111,70,1,3125,0.0816,5419,3567,1423,237,10119,61,9130,-16.46341463414635,-3.853268734103293,0
2020-05-08 00:00:00+00:00,16349,10791,248,5310,33,13,243,239,78,53,112,64,6,3125,0.07776,4641,3427,1365,229,8157,33,7187,-20.19464720194648,-3.072738677518211,0
2020-05-09 00:00:00+00:00,16368,10886,251,5231,19,10,247,244,78,50,119,64,3,3125,0.07904,3106,3504,1204,95,3868,19,3508,-11.58536585365853,-5.629270394679018,0
2020-05-10 00:00:00+00:00,16397,11062,255,5080,29,14,245,228,74,51,120,66,4,3125,0.0784,6097,3371,1202,176,4944,29,4410,0.6896551724137945,100.8525177787126,0
2020-05-11 00:00:00+00:00,16436,11401,260,4775,39,9,229,213,69,54,106,60,5,3125,0.07328,5289,3075,1208,339,9216,39,7827,-4.7945205479452015,-14.10765827448179,0
2020-05-12 00:00:00+00:00,16459,11666,263,4530,23,10,219,202,65,52,102,56,3,3125,0.07008,5416,2995,1054,265,7538,23,6681,-3.237410071942448,-21.06207174721242,0
2020-05-13 00:00:00+00:00,16498,11849,266,4383,39,10,203,200,61,48,94,53,3,3125,0.06496,5383,2936,968,183,8272,39,7525,-9.665427509293679,-6.818963258158995,0
2020-05-14 00:00:00+00:00,16520,12093,268,4159,22,6,198,189,61,43,94,52,2,3125,0.06336,5779,2774,917,244,8416,22,7679,-16.04938271604939,-3.96216667093797,0
2020-05-15 00:00:00+00:00,16532,12257,268,4007,12,1,189,185,61,43,85,52,0,3125,0.06048,5004,2729,814,164,5696,12,5073,-10.29411764705882,-6.380582460875227,0
2020-05-16 00:00:00+00:00,16537,12361,271,3905,5,4,183,183,60,40,83,51,3,3125,0.05856,4369,2663,780,104,1502,5,1343,-7.650273224043714,-8.709253604457993,0
2020-05-17 00:00:00+00:00,16552,12518,275,3759,15,10,186,174,55,38,93,45,4,3125,0.05952,6530,2550,756,157,4633,15,4219,-8.284023668639051,-8.015708800844283,0
2020-05-18 00:00:00+00:00,16579,12802,278,3499,27,3,172,161,52,42,78,43,3,3125,0.05504,5996,2334,725,284,7692,27,6796,-7.741935483870977,-8.601923484159142,0
2020-05-19 00:00:00+00:00,16601,12960,280,3361,22,7,166,160,51,43,72,40,2,3125,0.05312,6127,2319,603,158,7142,22,6502,-0.6993006993006978,-98.77306787923165,0
2020-05-20 00:00:00+00:00,16616,13078,281,3257,15,4,159,146,46,40,73,41,1,3125,0.05088,6060,2262,570,118,5968,15,5620,-16.90140845070421,-3.743859086330005,0
2020-05-21 00:00:00+00:00,16633,13209,281,3143,17,8,151,141,47,31,73,37,0,3125,0.04832,6343,2209,514,131,6164,17,5601,-4.237288135593231,-16.00919902749929,0
2020-05-22 00:00:00+00:00,16652,13373,281,2998,19,5,143,140,46,32,65,37,0,3125,0.04576,5198,2124,455,164,4995,19,4615,6.194690265486735,11.53247797524951,0
2020-05-23 00:00:00+00:00,16657,13419,281,2957,5,3,143,142,46,33,64,37,0,3125,0.04576,4603,2136,400,46,718,5,670,0,,0
2020-05-24 00:00:00+00:00,16670,13537,282,2851,13,0,141,126,43,36,62,34,1,3125,0.04512,6907,2056,390,118,3808,13,3439,-1.6666666666666612,-41.24128643066459,0
2020-05-25 00:00:00+00:00,16692,13671,284,2737,22,8,132,124,41,32,59,29,2,3125,0.04224,6306,1989,345,134,5333,22,4850,-4.237288135593231,-16.00919902749929,0
2020-05-26 00:00:00+00:00,16742,13765,284,2693,50,3,124,119,36,37,51,32,0,3125,0.03968,6265,2012,283,94,6819,50,6514,24.7787610619469,3.131141048389726,0
2020-05-27 00:00:00+00:00,16782,13828,286,2668,40,5,122,116,40,37,45,36,2,3125,0.03904,6312,1997,276,63,6728,40,6442,17.73049645390072,4.246499459619185,1
2020-05-28 00:00:00+00:00,16859,13944,287,2628,77,7,122,115,36,37,49,34,1,3125,0.03904,5390,1961,273,116,5352,77,5030,36.144578313253,2.246486618701694,0
2020-05-29 00:00:00+00:00,16972,13983,287,2702,113,5,119,119,39,36,44,37,0,3125,0.03808,4548,2063,241,39,1863,113,1803,41.5929203539823,1.993027860502493,0
2020-05-30 00:00:00+00:00,17001,14023,287,2691,29,5,125,124,35,43,47,33,0,3125,0.04,4772,2047,241,40,1059,29,1041,7.499999999999996,9.584358956627884,0
2020-05-31 00:00:00+00:00,17088,14085,287,2716,87,5,128,120,35,47,46,31,0,3125,0.04096,7132,2072,245,62,5640,87,5499,21.51162790697674,3.557524022091926,0
2020-06-01 00:00:00+00:00,17188,14155,290,2743,100,12,128,112,32,45,51,29,3,3125,0.04096,6362,2128,224,70,8155,100,7907,18.66028708133971,4.051253570725667,0
2020-06-02 00:00:00+00:00,17309,14211,292,2806,121,13,122,115,29,44,49,29,2,3125,0.03904,6370,2210,202,56,11757,121,11577,14.314516129032251,5.181115891141776,0
2020-06-03 00:00:00+00:00,17406,14239,293,2874,97,8,121,117,28,42,51,25,1,3125,0.03872,6293,2253,225,28,13209,97,13042,10.05291005291005,7.236031702464029,0
2020-06-04 00:00:00+00:00,17548,14281,293,2974,142,11,128,116,30,37,61,23,0,3125,0.04096,6701,2352,227,42,14899,142,14728,10.41666666666667,6.995063745140872,0
2020-06-05 00:00:00+00:00,17675,14318,294,3063,127,8,122,112,29,41,52,23,1,3125,0.03904,5538,2444,228,37,16474,127,16351,2.031930333817122,34.45815506042462,0
2020-06-06 00:00:00+00:00,17753,14342,298,3113,78,9,117,115,29,42,46,21,4,3125,0.03744,4954,2480,239,24,11537,78,11442,6.970128022759603,10.28722205803429,0
2020-06-07 00:00:00+00:00,17893,14385,300,3208,140,12,125,121,29,42,54,23,2,3125,0.04,7550,2561,247,43,15098,140,14891,7.047872340425521,10.17748295497048,0
2020-06-08 00:00:00+00:00,18072,14427,300,3345,179,16,136,122,30,46,60,23,0,3125,0.04352,6393,2682,262,42,14644,179,14488,9.81366459627331,7.40424900765215,0
2020-06-09 00:00:00+00:00,18245,14474,301,3470,173,10,132,119,31,42,59,24,1,3125,0.04224,6648,2813,259,47,15064,173,14867,5.882352941176472,12.12677424011196,0
2020-06-10 00:00:00+00:00,18485,14526,302,3657,240,24,141,124,32,45,64,24,1,3125,0.04512,6816,2971,283,52,18484,240,18166,15.277777777777771,4.875327398784407,0
2020-06-11 00:00:00+00:00,18676,14584,302,3790,191,13,136,125,35,38,63,24,0,3125,0.04352,6839,3065,321,58,15810,191,15565,4.5412418906394905,15.60739220083546,0
2020-06-12 00:00:00+00:00,18860,14639,302,3919,184,13,139,127,35,43,61,25,0,3125,0.04448,5678,3175,338,55,13132,184,12879,5.053191489361697,14.06074411006195,0
2020-06-13 00:00:00+00:00,19009,14680,303,4026,149,11,136,133,35,45,56,26,1,3125,0.04352,5054,3255,359,41,6987,149,6847,5.991561181434602,11.91193670446227,0
2020-06-14 00:00:00+00:00,19145,14729,305,4111,136,15,146,135,31,48,67,23,2,3125,0.04672,7569,3337,360,49,8840,136,8634,-0.3184713375796067,-217.3014568557763,0
2020-06-15 00:00:00+00:00,19343,14819,305,4219,198,23,158,136,36,47,75,25,0,3125,0.05056,6581,3411,393,90,14436,198,14109,1.517571884984026,46.02045465037865,0
2020-06-16 00:00:00+00:00,19643,14872,306,4465,300,21,156,137,38,43,75,26,1,3125,0.04992,6824,3648,401,53,16239,300,15924,9.992132179386303,7.27800287891351,0
2020-06-17 00:00:00+00:00,19914,14920,306,4688,271,23,161,152,36,49,76,29,0,3125,0.05152,6514,3829,428,48,16024,271,15637,2.21745350500715,31.6040086283087,0
2020-06-18 00:00:00+00:00,20216,14974,306,4936,302,37,189,163,40,43,106,28,0,3125,0.06048,6784,4023,471,54,17392,302,16940,7.767669699090285,9.265742320156216,0
2020-06-19 00:00:00+00:00,20526,15032,307,5187,310,29,193,183,39,47,107,29,1,3125,0.06176,5734,4234,491,58,12787,310,12448,8.18181818181818,8.813830326804457,0
2020-06-20 00:00:00+00:00,20686,15068,308,5310,160,33,217,213,41,50,126,28,1,3125,0.06944,5022,4310,508,36,6010,160,5778,0.6602641056422609,105.3264846254116,0
2020-06-21 00:00:00+00:00,20859,15120,308,5431,173,38,250,216,45,59,146,29,0,3125,0.08,7744,4416,520,52,9152,173,8909,2.206320810971962,31.76174065108025,0
2020-06-22 00:00:00+00:00,21204,15180,309,5715,345,23,236,202,43,56,137,29,1,3125,0.07552,6877,4697,537,60,14009,345,13460,8.576429404900798,8.423823026811691,0
2020-06-23 00:00:00+00:00,21656,15267,311,6078,452,20,220,194,40,52,128,26,2,3125,0.0704,6529,5044,561,87,19847,452,19162,8.167651800107478,8.82853179844842,0
2020-06-24 00:00:00+00:00,22143,15340,314,6489,487,34,225,198,45,45,135,27,3,3125,0.072,6553,5406,606,73,18393,487,17869,10.73025335320419,6.80043372145389,0
2020-06-25 00:00:00+00:00,22659,15417,318,6924,516,26,220,197,44,56,120,28,4,3125,0.0704,6644,5815,633,77,18666,516,17979,9.600717810677416,7.561022345665991,0
2020-06-26 00:00:00+00:00,23123,15548,321,7254,464,46,240,221,45,57,138,26,3,3125,0.0768,5490,6081,673,131,16531,464,16120,6.303724928366772,11.33887761368788,0
2020-06-27 00:00:00+00:00,23521,15599,324,7598,398,26,243,226,40,56,147,22,3,3125,0.07776,4985,6402,691,51,10489,398,10051,9.164420485175206,7.9049682955428,0
2020-06-28 00:00:00+00:00,23906,15742,326,7838,385,47,271,231,39,67,165,22,2,3125,0.08672,7517,6639,689,143,10389,385,9890,7.477954144620802,9.611617151944957,0
2020-06-29 00:00:00+00:00,24663,15906,326,8431,757,46,276,243,44,68,164,24,0,3125,0.08832,6878,7196,713,164,21017,757,20258,13.52149655398753,5.465510848747996,0
2020-06-30 00:00:00+00:00,25449,16039,327,9083,786,52,295,256,56,68,171,24,1,3125,0.0944,6548,7797,751,133,20840,786,20148,9.655969933506793,7.51968137930723,0
2020-07-01 00:00:00+00:00,26421,16138,330,9953,972,82,332,283,59,73,200,24,3,3125,0.10624,6341,8620,771,99,21460,972,20829,12.786712364882671,5.760464531833223,0
2020-07-02 00:00:00+00:00,27569,16268,331,10970,1148,64,344,308,72,72,200,28,1,3125,0.11008,6707,9590,793,130,25041,1148,24264,14.773258532024311,5.030521632665721,0
2020-07-03 00:00:00+00:00,28508,16387,334,11787,939,56,359,314,83,75,201,29,3,3125,0.11488,5633,10315,879,119,20951,939,20464,9.674134419551939,7.506193347209931,0
2020-07-04 00:00:00+00:00,29329,16462,339,12528,821,61,369,345,85,84,200,33,5,3125,0.11808,3784,10942,962,75,17308,821,16701,7.855153203342602,9.16631380784316,0
2020-07-05 00:00:00+00:00,30160,16611,341,13208,831,82,427,376,94,82,251,32,2,3125,0.13664,7344,11601,952,149,21112,831,20276,7.679063360881555,9.368755203874752,0
2020-07-06 00:00:00+00:00,31294,16811,349,14134,1134,81,449,369,90,97,262,34,8,3125,0.14368,6638,12464,1022,200,25601,1134,24748,6.028141989126956,11.84171383914342,0
2020-07-07 00:00:00+00:00,32684,16987,354,15343,1390,104,468,410,93,95,280,35,5,3125,0.14976,6401,13452,1202,176,28634,1390,27699,9.108731714673501,7.951239073083583,0
2020-07-08 00:00:00+00:00,34011,17221,359,16431,1327,91,495,436,113,89,293,38,5,3125,0.1584,6453,14359,1357,234,29420,1327,28594,4.906703524533507,14.47034160500455,1
2020-07-09 00:00:00+00:00,35536,17449,364,17723,1525,120,552,481,126,100,326,41,5,3125,0.17664,6591,15320,1643,228,29988,1525,28903,4.967061923583671,14.2986465376714,0
2020-07-10 00:00:00+00:00,36945,17663,368,18914,1409,87,562,477,130,105,327,41,4,3125,0.17984,5592,16352,1806,214,25829,1409,24765,5.899334755867947,12.09284500982973,0
2020-07-11 00:00:00+00:00,38113,17854,373,19886,1168,91,567,525,136,120,311,46,5,3125,0.18144,4821,17166,1916,191,20468,1168,19246,4.112836316226165,17.19750998495528,0
2020-07-12 00:00:00+00:00,39352,18197,380,20775,1239,124,642,539,151,125,366,47,7,3125,0.20544,7501,17940,2017,343,21763,1239,20293,4.644808743169393,15.26700224171749,0
2020-07-13 00:00:00+00:00,41072,18560,384,22128,1720,120,657,541,184,121,352,53,4,3125,0.21024,6724,19057,2251,363,29247,1720,27477,6.375108790252404,11.2157154329337,0
2020-07-14 00:00:00+00:00,42675,18874,391,23410,1603,108,643,575,190,140,313,55,7,3125,0.20576,6632,20073,2483,314,31750,1603,29978,2.178359582736755,32.16501490251957,0
2020-07-15 00:00:00+00:00,44552,19236,397,24919,1877,109,681,565,209,121,351,58,6,3125,0.21792,6494,21342,2733,362,30692,1877,27917,5.5049544590131125,12.9348119916668,1
2020-07-16 00:00:00+00:00,46489,19744,406,26339,1937,136,692,578,209,133,350,59,9,3125,0.22144,6554,22544,2938,508,31078,1937,28453,3.908547576131305,18.07849594962136,0
2020-07-17 00:00:00+00:00,48094,20227,418,27449,1605,139,705,620,219,150,336,58,12,3125,0.2256,5363,23387,3163,483,25732,1605,23581,1.789464073769742,39.08045251166067,0
2020-07-18 00:00:00+00:00,49542,20670,426,28446,1448,100,712,680,235,150,327,56,8,3125,0.22784,4930,24056,3431,443,20457,1448,18212,2.511436003228984,27.94477627402806,0
2020-07-19 00:00:00+00:00,50558,21192,436,28930,1016,156,827,698,270,144,413,73,10,3125,0.26464,7485,24474,3479,522,19846,1016,17815,-1.9511768308688389,-35.17685830721894,0
2020-07-20 00:00:00+00:00,52445,21815,448,30182,1887,145,823,691,264,148,411,78,12,3125,0.26336,6620,25393,3819,623,27608,1887,24492,1.490273067999293,46.85714011929206,0
2020-07-21 00:00:00+00:00,54451,22449,457,31545,2006,128,810,679,256,142,412,80,9,3125,0.2592,6556,26324,4263,634,30177,2006,26766,3.543480172337987,19.90576049045179,0
2020-07-22 00:00:00+00:00,56495,26286,463,29746,2044,136,805,709,284,138,383,79,6,3125,0.2576,6500,24367,4390,3837,28807,2044,25715,1.418138586956519,49.22301288227097,0
2020-07-23 00:00:00+00:00,58484,32938,479,25067,1989,127,821,720,310,152,359,83,16,3125,0.26272,6798,19882,4185,6652,32536,1989,29284,0.4354014904128123,159.5435683582841,0
2020-07-24 00:00:00+00:00,60314,34617,487,25210,1830,104,816,735,328,152,335,86,8,3125,0.26112,5706,21237,2958,1679,24400,1830,22697,1.8757815756565321,37.29794649839117,0
2020-07-25 00:00:00+00:00,61426,35221,494,25711,1112,90,820,784,322,178,320,98,7,3125,0.2624,4946,21395,3252,604,15486,1112,14636,-2.749590834697213,-24.86091877788892,0
2020-07-26 00:00:00+00:00,62468,38063,505,23900,1042,125,894,782,311,197,386,99,11,3125,0.28608,7428,19580,3258,2842,12204,1042,11427,0.2187815550319661,317.1680278849137,0
2020-07-27 00:00:00+00:00,64516,39882,512,24122,2048,140,919,791,316,182,421,94,7,3125,0.29408,6609,19853,3198,1819,28245,2048,27244,1.351805205709478,51.62146830336318,0
2020-07-28 00:00:00+00:00,66641,41488,520,24633,2125,124,904,792,322,185,397,94,8,3125,0.28928,6372,20272,3289,1606,26639,2125,25769,0.9858338165852132,70.65676001996039,0
2020-07-29 00:00:00+00:00,68595,42934,535,25126,1954,122,895,785,335,173,387,96,15,3125,0.2864,6247,20798,3263,1446,26228,1954,25455,-0.7383100902378925,-93.53593315255002,0
2020-07-30 00:00:00+00:00,70382,44672,550,25160,1787,93,865,757,318,172,375,101,15,3125,0.2768,5957,20774,3349,1738,21962,1787,21222,-1.669421487603306,-41.17265637872832,0
2020-07-31 00:00:00+00:00,71744,45993,564,25187,1362,118,862,776,317,171,374,93,14,3125,0.27584,5784,20784,3347,1321,22898,1362,22141,-3.9334341906202765,-17.27304262956993,0
2020-08-01 00:00:00+00:00,72369,46538,578,25253,625,106,870,815,337,165,368,93,14,3125,0.2784,4947,20742,3416,545,7790,625,7456,-4.260717410323711,-15.91923232455043,0
2020-08-02 00:00:00+00:00,73077,49063,589,23425,708,140,947,829,349,171,427,99,11,3125,0.30304,7323,18718,3597,2525,10087,708,9618,-3.052179475463757,-22.36154493765951,0
2020-08-03 00:00:00+00:00,74877,50918,604,23355,1800,109,922,788,327,147,447,93,15,3125,0.29504,6639,18926,3360,1855,23468,1800,22552,-2.33763785465172,-29.30366672439585,0
2020-08-04 00:00:00+00:00,76606,52619,615,23372,1729,110,888,772,341,164,383,97,11,3125,0.28416,6745,19059,3261,1701,26099,1729,25089,-3.822024901071319,-17.78677633555124,0
2020-08-05 00:00:00+00:00,78296,54144,625,23527,1690,141,902,782,354,164,384,104,10,3125,0.28864,6352,19281,3184,1525,25792,1690,24893,-2.649272453587559,-25.81555602128955,0
2020-08-06 00:00:00+00:00,79973,55965,634,23374,1677,111,885,774,356,152,377,96,9,3125,0.2832,6439,18987,3333,1821,28767,1677,27840,-1.13390372126585,-60.78204768838949,2
2020-08-07 00:00:00+00:00,81737,57213,646,23878,1764,120,886,815,366,159,361,103,12,3125,0.28352,5446,19248,3535,1248,25310,1764,24532,4.191429465123564,16.88145222679501,2
2020-08-08 00:00:00+00:00,82491,57830,659,24002,754,99,902,865,387,177,337,100,13,3125,0.28864,4537,19511,3346,617,8583,754,8136,1.290903632542784,54.04055964954235,2
2020-08-09 00:00:00+00:00,83415,60135,666,22614,924,146,1004,849,386,199,418,109,7,3125,0.32128,7231,18046,3441,2305,12163,924,11543,2.13396561944279,32.82700098479526,2
2020-08-10 00:00:00+00:00,85119,61531,681,22907,1704,104,938,811,390,183,365,108,15,3125,0.30016,6454,18588,3230,1396,24368,1704,23375,-0.9286128845037767,-74.29617452320642,3
2020-08-11 00:00:00+00:00,86942,62527,692,23723,1823,104,902,783,372,191,339,109,11,3125,0.28864,6784,19456,3206,996,27667,1823,26573,0.9177894942394182,75.8695929293251,1
2020-08-12 00:00:00+00:00,88564,63674,707,24183,1622,110,878,758,370,171,336,106,15,3125,0.28096,6212,19804,3343,1147,26233,1622,25293,-0.6578947368421129,-105.0114165846451,4
2020-08-13 00:00:00+00:00,90207,64999,723,24485,1643,144,889,784,370,178,341,107,16,3125,0.28448,5980,20036,3387,1325,28891,1643,27813,-0.33112582781457117,-208.9836833557203,3
2020-08-14 00:00:00+00:00,91595,65989,735,24871,1388,117,890,808,368,179,341,102,12,3125,0.2848,4975,20435,3350,990,20915,1388,20083,-3.674027750635145,-18.5174032431621,3
2020-08-15 00:00:00+00:00,92352,66557,745,25050,757,119,920,875,382,180,357,109,10,3125,0.2944,4338,20406,3491,568,9396,757,8864,0.0304321363359783,2278.028191334081,3
2020-08-16 00:00:00+00:00,93420,68804,764,23852,1068,134,988,845,374,195,418,106,19,3125,0.31616,6799,19294,3435,2247,12386,1068,11621,1.460298144204431,47.81187749353228,5
2020-08-17 00:00:00+00:00,95070,70009,768,24293,1650,107,947,824,391,182,373,108,4,3125,0.30304,5669,20012,3179,1205,26061,1650,24894,-0.5397301349325256,-128.0778830922277,113
2020-08-18 00:00:00+00:00,96719,71137,782,24800,1649,142,954,822,396,185,370,112,14,3125,0.30528,5812,20585,3115,1128,27899,1649,26781,-1.748567983117277,-39.29325570780226,120
2020-08-19 00:00:00+00:00,98359,72629,794,24936,1640,112,922,823,382,178,361,111,12,3125,0.29504,5561,20735,3100,1492,28401,1640,27240,0.1841055538508662,376.8409109186807,117
2020-08-20 00:00:00+00:00,99846,74077,806,24963,1487,114,926,803,393,176,353,110,12,3125,0.29632,5837,20903,2979,1448,28854,1487,27849,-1.592649310872885,-43.17414414595398,118
2020-08-21 00:00:00+00:00,101339,75670,819,24850,1493,129,921,847,400,170,348,110,13,3125,0.29472,4859,20790,2935,1593,27218,1493,26363,1.089324618736387,63.97685895076199,116
2020-08-22 00:00:00+00:00,102050,76341,829,24880,711,97,934,900,402,179,351,112,10,3125,0.29888,4228,20867,2835,671,11059,711,10519,-0.4720853858784957,-146.4798080198793,120
2020-08-23 00:00:00+00:00,103015,78482,842,23691,965,132,1019,908,405,210,396,113,13,3125,0.32608,6501,19743,2762,2141,13298,965,12607,-1.062074654567946,-64.91631797253609,120
2020-08-24 00:00:00+00:00,104915,79892,858,24165,1900,129,1024,893,424,201,397,117,16,3125,0.32768,5683,20622,2372,1410,30139,1900,28801,2.605523710265745,26.94807665967995,125
2020-08-25 00:00:00+00:00,106871,80694,877,25300,1956,114,992,864,426,180,378,116,19,3125,0.31744,5789,21956,2202,802,34053,1956,32818,3.118334179786686,22.57292366566141,122
2020-08-26 00:00:00+00:00,108824,84419,888,23517,1953,164,1019,885,417,189,405,116,11,3125,0.32608,5676,20106,2248,3725,34254,1953,33072,3.083136327817182,22.82670517958974,121
2020-08-27 00:00:00+00:00,110895,85954,899,24042,2071,138,1014,875,422,191,399,115,11,3125,0.32448,5724,20705,2184,1535,36428,2071,35195,5.580506450071665,12.76430219200887,123
2020-08-28 00:00:00+00:00,112727,87803,911,24013,1832,106,970,875,416,202,348,110,12,3125,0.3104,4944,20644,2216,1849,23289,1832,22356,3.06815096388815,22.93651887672413,120
2020-08-29 00:00:00+00:00,113637,88517,916,24204,910,99,968,925,438,196,327,115,5,3125,0.30976,4437,20734,2267,714,10708,910,10171,1.7474534597822218,40.01170406096522,126
2020-08-30 00:00:00+00:00,114738,90833,930,22975,1101,170,1081,943,452,213,406,124,14,3125,0.34592,6685,19513,2241,2316,13553,1101,12911,1.173729179252625,59.4010200167867,131
2020-08-31 00:00:00+00:00,116916,92331,953,23632,2178,154,1077,917,434,206,432,118,23,3125,0.34464,6011,20425,2012,1498,31969,2178,30653,2.3714066365264848,29.57458815077188,124
2020-09-01 00:00:00+00:00,119168,93353,968,24847,2252,123,1022,896,417,199,399,115,15,3125,0.32704,6663,21725,1948,1022,28467,2252,27526,2.466461128239317,28.44806929386901,123
2020-09-02 00:00:00+00:00,122361,94771,982,26608,3193,121,1003,870,413,171,410,119,14,3125,0.32096,6178,23461,1999,1418,35980,3193,34577,10.08376026673172,7.214921015562589,124
2020-09-03 00:00:00+00:00,125022,96598,998,27426,2661,141,995,865,401,157,423,113,16,3125,0.3184,6145,24277,2006,1827,35227,2661,33979,4.3584250572505026,16.24772536227611,116
2020-09-04 00:00:00+00:00,127645,97818,1010,28817,2623,129,984,895,415,147,415,117,12,3125,0.31488,5055,25574,2070,1220,31548,2623,30738,5.5992071919020345,12.72280762741696,121
2020-09-05 00:00:00+00:00,129150,98722,1025,29403,1505,121,1003,962,437,148,408,124,15,3125,0.32096,4582,25906,2257,904,15945,1505,15292,3.9884703043303382,17.72308707817973,128
2020-09-06 00:00:00+00:00,131327,101146,1037,29144,2177,174,1125,966,456,182,472,129,12,3125,0.36,6866,25720,2180,2424,19671,2177,18725,6.9361180945013645,10.33600157203777,132
2020-09-07 00:00:00+00:00,134715,102755,1054,30906,3388,167,1115,990,455,182,452,131,17,3125,0.3568,6184,27603,2035,1609,41453,3388,40015,7.293989993369121,9.845497881737002,136
2020-09-08 00:00:00+00:00,138204,104211,1074,32919,3489,163,1138,992,460,187,478,140,20,3125,0.36416,6068,29566,2084,1456,45674,3489,44399,6.949828642058553,10.31627949047083,140
2020-09-09 00:00:00+00:00,142198,105696,1089,35413,3994,177,1152,1018,484,188,466,136,15,3125,0.36864,6022,31894,2224,1485,46407,3994,45109,4.2078167682286125,16.81703897665818,145
2020-09-10 00:00:00+00:00,146359,107694,1103,37562,4161,170,1179,1049,490,202,472,136,14,3125,0.37728,5985,33891,2345,1998,48750,4161,47381,7.561627262186832,9.5090038674495,151
2020-09-11 00:00:00+00:00,150334,109488,1123,39723,3975,150,1186,1058,488,203,484,129,20,3125,0.37952,5159,35904,2484,1794,43704,3975,42788,6.336410929371494,11.28213849560489,141
2020-09-12 00:00:00+00:00,153052,110766,1138,41148,2718,145,1190,1120,517,202,454,130,15,3125,0.3808,4702,37018,2733,1278,30572,2718,29784,5.3462030058618595,13.30878908314784,138
2020-09-13 00:00:00+00:00,156227,114079,1155,40993,3175,206,1312,1145,518,234,550,132,17,3125,0.41984,6991,36820,2751,3313,34979,3175,33876,4.1753828131537265,16.9450163730333,150
2020-09-14 00:00:00+00:00,161032,116504,1175,43353,4805,213,1344,1158,524,235,574,131,20,3125,0.43008,6126,39315,2602,2425,47549,4805,46282,5.690763052208836,12.52359186669413,144
2020-09-15 00:00:00+00:00,166571,118806,1191,46574,5539,198,1342,1189,514,232,556,131,16,3125,0.42944,6117,42349,2758,2302,57765,5539,56307,7.7896416764828835,9.240560364875968,138
2020-09-16 00:00:00+00:00,171145,121626,1217,48302,4574,209,1369,1204,529,271,551,135,26,3125,0.43808,6190,43847,2973,2820,54229,4574,52958,2.04462932280467,34.24627702185414,139
2020-09-17 00:00:00+00:00,176530,125387,1234,49909,5385,215,1404,1211,566,255,549,140,17,3125,0.44928,6129,45290,3130,3761,58809,5385,57460,4.228417452585753,16.73677249824595,157
2020-09-18 00:00:00+00:00,181870,128263,1254,52353,5340,196,1398,1261,587,258,517,143,20,3125,0.44736,5016,47701,3113,2876,54471,5340,53234,4.524211991647609,15.66485556804611,152
2020-09-19 00:00:00+00:00,185679,129725,1281,54673,3809,156,1390,1290,610,254,503,146,27,3125,0.4448,4477,49765,3340,1462,42833,3809,41772,3.459538305428733,20.38043815269299,160
2020-09-20 00:00:00+00:00,188258,132233,1302,54723,2579,219,1494,1384,628,242,596,157,21,3125,0.47808,5141,49677,3384,2508,24493,2579,23511,-1.8267079412756289,-37.59751765279699,166
2020-09-21 00:00:00+00:00,192123,136971,1334,53818,3865,223,1576,1335,656,278,606,161,32,3125,0.50432,6579,48903,3302,4738,34603,3865,33430,-2.93465705098187,-23.2710648130268,173
2020-09-22 00:00:00+00:00,199144,140530,1360,57254,7021,244,1558,1364,631,295,600,160,26,3125,0.49856,5853,52312,3300,3559,63062,7021,61076,4.766652729085608,14.88547572985793,178
2020-09-23 00:00:00+00:00,206269,144408,1385,60476,7125,240,1590,1404,667,267,614,150,25,3125,0.5088,5659,55375,3419,3878,59352,7125,57735,7.831639701593329,9.192819659088585,167
2020-09-24 00:00:00+00:00,214503,149085,1416,64002,8234,259,1627,1411,661,278,633,148,31,3125,0.52064,5817,58858,3456,4677,67980,8234,66156,8.111262954105447,8.887559322625547,192
2020-09-25 00:00:00+00:00,222892,153298,1446,68148,8389,232,1615,1452,705,260,624,164,30,3125,0.5168,4881,62764,3655,4213,62716,8389,61216,8.029389302925782,8.9747392713258,207
2020-09-26 00:00:00+00:00,228774,155721,1472,71581,5882,218,1651,1538,721,285,626,179,26,3125,0.52832,4698,65908,3858,2423,46422,5882,45055,5.05338598800642,14.06021605189418,222
2020-09-27 00:00:00+00:00,232187,161493,1504,69190,3413,253,1782,1587,731,287,727,187,32,3125,0.57024,5438,63509,3818,5772,25281,3413,24193,1.935259310824922,36.16222631409963,221
2020-09-28 00:00:00+00:00,233346,163694,1532,68120,1159,180,1738,1660,758,304,651,185,28,3125,0.55616,3949,62219,3965,2201,8220,1159,7691,-6.159939903025336,-10.90225330232316,221
2020-09-29 00:00:00+00:00,238338,169595,1567,67176,4992,279,1906,1596,797,310,754,195,35,3125,0.60992,6750,61457,3847,5901,34618,4992,33170,-4.922009557771157,-13.73311645198181,246
2020-09-30 00:00:00+00:00,247416,174901,1604,70911,9078,257,1826,1582,819,287,675,198,37,3125,0.58432,5534,65340,3713,5306,70152,9078,67666,4.982905546767369,14.25426697199344,249
2020-10-01 00:00:00+00:00,255147,180743,1650,72754,7731,252,1787,1592,812,300,646,182,46,3125,0.57184,5782,66268,4618,5842,65943,7731,63658,-1.222446350888262,-56.35436015911728,238
2020-10-02 00:00:00+00:00,262206,186406,1675,74125,7059,220,1785,1616,847,295,623,193,25,3125,0.5712,4620,67224,5009,5663,62164,7059,59832,-3.272315716956997,-20.83366557104233,251
2020-10-03 00:00:00+00:00,264801,189948,1712,73141,2595,184,1760,1677,843,329,576,206,37,3125,0.5632,4016,66206,4982,3542,25144,2595,23507,-8.36088925064864,-7.938736084620188,260
2020-10-04 00:00:00+00:00,267739,198169,1749,67821,2938,257,1907,1672,897,355,632,209,37,3125,0.61024,5635,61194,4679,8221,26459,2938,24843,-1.318455602742374,-52.22531972243493,264
2020-10-05 00:00:00+00:00,273460,205224,1776,66460,5721,211,1863,1682,870,337,628,209,27,3125,0.59616,5184,59915,4587,7055,52215,5721,49707,12.83190819081908,5.741348429832462,270
2020-10-06 00:00:00+00:00,278184,211758,1821,64605,4724,215,1866,1618,853,353,623,208,45,3125,0.59712,5320,57941,4771,6534,47046,4724,44742,-0.6680959266091581,-103.4026884651773,271
2020-10-07 00:00:00+00:00,282348,216730,1847,63771,4164,211,1807,1641,848,331,605,217,26,3125,0.57824,5362,56828,5027,4972,49232,4164,46505,-12.33248004818551,-5.266327139871836,281
2020-10-08 00:00:00+00:00,286103,221593,1894,62616,3755,179,1775,1540,840,338,581,218,47,3125,0.568,5532,55436,5365,4863,49820,3755,47187,-11.38211382113821,-5.736241405673042,283
2020-10-09 00:00:00+00:00,289066,226755,1934,60377,2963,181,1681,1545,832,294,528,218,40,3125,0.53792,5091,52888,5669,5162,37349,2963,35207,-13.23168368006202,-4.883772085697517,271
2020-10-10 00:00:00+00:00,289982,230604,1969,57409,916,149,1663,1596,812,296,529,218,35,3125,0.53216,4445,50149,5389,3849,13467,916,12295,-6.2509307520476565,-10.73840175956643,277
2020-10-11 00:00:00+00:00,291628,238279,2015,51334,1646,243,1797,1571,810,322,640,216,46,3125,0.57504,6337,44481,5007,7675,23119,1646,21289,-5.130852626980653,-13.15977974694432,276
2020-10-12 00:00:00+00:00,294797,243869,2045,48883,3169,187,1725,1514,801,307,606,211,30,3125,0.552,5332,42440,4654,5590,47366,3169,44326,-10.68274101050692,-6.135378959227501,275
2020-10-13 00:00:00+00:00,297133,249685,2083,45365,2336,132,1612,1422,764,276,560,224,38,3125,0.51584,4708,38987,4681,5816,45319,2336,42427,-11.19182640483667,-5.839906045382573,285
2020-10-14 00:00:00+00:00,299251,255590,2118,41543,2118,150,1538,1347,726,252,550,215,35,3125,0.49216,4944,35598,4323,5905,41182,2118,38665,-10.79740355691593,-6.066400714793693,268
2020-10-15 00:00:00+00:00,300863,261086,2149,37628,1612,146,1468,1273,700,238,505,204,31,3125,0.46976,5400,32007,4073,5496,37651,1612,35522,-12.678222800686282,-5.112824648014892,267
2020-10-16 00:00:00+00:00,302363,264622,2185,35556,1500,105,1351,1237,658,227,447,218,36,3125,0.43232,4409,30424,3620,3536,34745,1500,32943,-9.911924119241178,-6.640461973236594,263
2020-10-17 00:00:00+00:00,302775,267156,2217,33402,412,71,1284,1239,647,189,438,220,32,3125,0.41088,3956,28551,3337,2534,14994,412,14218,-3.790328645559149,-17.93845256940389,257
2020-10-18 00:00:00+00:00,303698,272142,2250,29306,923,133,1333,1167,659,219,415,224,33,3125,0.42656,6466,24891,2974,4986,27530,923,26033,-5.651528179473154,-11.91484065881112,240
2020-10-19 00:00:00+00:00,305215,274526,2281,28408,1517,125,1268,1138,643,192,399,226,31,3125,0.40576,5422,24662,2334,2384,41854,1517,39808,-13.686826843413419,-4.709265624733958,257
2020-10-20 00:00:00+00:00,306408,276357,2301,27750,1193,106,1223,1106,626,180,384,226,20,3125,0.39136,5282,24284,2086,1831,42544,1193,40542,-10.97139566135534,-5.964481914999329,265
2020-10-21 00:00:00+00:00,307580,279541,2326,25713,1172,95,1187,1070,605,182,371,224,25,3125,0.37984,5236,22313,2056,3184,43454,1172,41442,-10.199460916442051,-6.443133356418486,258
2020-10-22 00:00:00+00:00,308612,282710,2355,23547,1032,77,1117,1001,587,177,330,213,29,3125,0.35744,5545,20693,1579,3169,35305,1032,33721,-6.9636210829631455,-9.603090043727692,243
2020-10-23 00:00:00+00:00,309461,285186,2381,21894,849,80,1057,982,559,168,310,207,26,3125,0.33824,4487,20638,0,2476,30511,849,29273,-8.40108401084011,-7.899045785412106,234
2020-10-24 00:00:00+00:00,309707,286507,2408,20792,246,85,1038,1018,538,158,309,202,27,3125,0.33216,4169,19500,0,1321,6661,246,6311,-2.338686954071567,-29.290364843898,232
2020-10-25 00:00:00+00:00,310314,289233,2443,18638,607,79,1060,937,509,165,352,188,35,3125,0.3392,5821,16533,894,2726,21807,607,20717,-4.558568955568387,-14.85609936717437,236
2020-10-26 00:00:00+00:00,311198,290547,2471,18180,884,75,981,871,493,145,317,199,28,3125,0.31392,5486,16239,797,1314,41012,884,39306,-9.567714631197099,-6.892265613508663,230
2020-10-27 00:00:00+00:00,312085,291518,2499,18068,887,71,912,835,476,143,270,191,28,3125,0.29184,5505,16312,648,971,41724,887,40148,-5.11449105799765,-13.20300708762273,214
2020-10-28 00:00:00+00:00,312808,292826,2509,17473,723,67,892,815,463,139,273,188,10,3125,0.28544,5516,15727,658,1308,35097,723,33877,-7.909106922670417,-8.412579801451683,207
2020-10-29 00:00:00+00:00,313452,294276,2528,16648,644,53,854,744,447,124,262,185,19,3125,0.27328,5602,15089,542,1450,37604,644,36349,-7.421576128538643,-8.988594886982819,202
2020-10-30 00:00:00+00:00,314132,295347,2540,16245,680,52,783,720,429,110,222,183,12,3125,0.25056,1099,14781,471,1071,32646,680,31715,-3.491735537190077,-19.50245251035218,198
2020-10-31 00:00:00+00:00,314360,296148,2565,15647,228,53,753,744,410,110,226,171,25,3125,0.24096,692,14215,415,801,8028,228,7714,-0.3853564547206312,-179.5248967444742,184
2020-11-01 00:00:00+00:00,315018,297681,2584,14753,658,65,792,705,397,129,243,167,19,3125,0.25344,5622,13403,372,1533,22644,658,21849,1.096067053513861,63.58543080810198,187
2020-11-02 00:00:00+00:00,315806,298602,2599,14605,788,54,749,692,399,107,218,169,15,3125,0.23968,5446,13320,320,921,35816,788,34498,-2.040816326530603,-33.61644724886456,198
2020-11-03 00:00:00+00:00,316651,299339,2625,14687,845,62,722,654,381,110,215,163,26,3125,0.23104,5362,13467,293,737,41558,845,40194,-0.911458333333337,-75.70104532748711,187
2020-11-04 00:00:00+00:00,317420,299976,2641,14803,769,58,697,640,354,110,211,150,16,3125,0.22304,4854,13604,286,637,39793,769,38690,1.007446342531759,69.1483864582271,178
2020-11-05 00:00:00+00:00,317990,300825,2655,14510,570,61,691,624,334,112,230,151,14,3125,0.22112,5150,13324,289,849,35369,570,34467,-1.604509973980917,-42.85242178238669,176
2020-11-06 00:00:00+00:00,318681,301722,2671,14288,691,55,663,622,318,108,227,133,16,3125,0.21216,4261,13154,239,897,31589,691,30730,0.2423975319524097,286.3011524164044,156
2020-11-07 00:00:00+00:00,318893,302410,2679,13804,212,33,649,628,325,102,211,141,8,3125,0.20768,3958,12688,215,688,8344,212,8077,-0.3517256539898983,-196.7236306598639,157
2020-11-08 00:00:00+00:00,319427,303094,2686,13647,534,59,685,638,336,106,225,141,7,3125,0.2192,6109,12533,203,684,22114,534,21486,-2.735495257004184,-24.99082569904939,165
2020-11-09 00:00:00+00:00,320146,304024,2692,13430,719,57,687,634,332,103,237,136,6,3125,0.21984,5525,12372,151,930,35226,719,34389,-1.564980721251985,-43.94361557369459,161
2020-11-10 00:00:00+00:00,320821,304361,2702,13758,675,45,673,603,308,113,240,131,10,3125,0.21536,5381,12728,154,337,41657,675,40543,-3.9170506912442495,-17.34675817457204,150
2020-11-11 00:00:00+00:00,321585,305459,2709,13417,764,53,649,587,308,111,211,135,7,3125,0.20768,5446,12401,156,1098,40487,764,39518,-0.1199040767385973,-577.7381056958534,152
2020-11-12 00:00:00+00:00,322421,306674,2721,13026,836,56,632,573,302,108,202,129,12,3125,0.20224,5753,12031,149,1215,40338,836,39326,6.386554621848739,11.19622340401095,143
2020-11-13 00:00:00+00:00,323182,307413,2726,13043,761,44,612,585,291,112,199,122,5,3125,0.19584,5134,12037,148,739,35792,761,35032,1.579778830963674,44.2218847402396,141
2020-11-14 00:00:00+00:00,323473,307839,2738,12896,291,55,628,610,291,114,215,122,12,3125,0.20096,4727,11867,146,426,12933,291,12655,1.755165518773616,39.83740982840519,140
2020-11-15 00:00:00+00:00,324098,308819,2747,12532,625,70,674,601,307,112,240,123,9,3125,0.21568,6666,11511,147,980,23801,625,23302,1.986899563318767,35.23130625973817,144
2020-11-16 00:00:00+00:00,324971,309487,2755,12729,873,65,660,602,318,92,231,115,8,3125,0.2112,6090,11730,124,668,49239,873,47861,3.2969385570541743,21.36866411499965,137
2020-11-17 00:00:00+00:00,325800,310071,2767,12962,829,55,642,584,318,95,217,123,12,3125,0.20544,6333,11963,142,584,56769,829,55454,3.191709844559587,22.06187016503795,137
2020-11-18 00:00:00+00:00,326595,310878,2774,12943,795,60,637,591,315,91,214,122,7,3125,0.20384,6107,11931,148,807,46677,795,45642,0.6226149829282823,111.6745961014575,139
2020-11-19 00:00:00+00:00,327366,311635,2782,12949,771,78,661,599,321,88,229,120,8,3125,0.21152,6632,11926,151,757,56265,771,55163,-1.297405189620748,-53.07832401433655,137
2020-11-20 00:00:00+00:00,328139,312317,2788,13034,773,55,648,614,316,83,222,120,6,3125,0.20736,4905,11996,151,682,44099,773,43223,0.24266936299290892,285.9808342445085,142
2020-11-21 00:00:00+00:00,328561,312768,2800,12993,422,46,645,617,310,95,228,113,12,3125,0.2064,4335,11944,159,451,15893,422,15605,2.642727456122662,26.57354459465712,134
2020-11-22 00:00:00+00:00,329323,313781,2816,12726,762,52,656,579,306,97,235,113,16,3125,0.20992,6867,11724,150,1013,35011,762,34314,2.692610062893075,26.0876144482552,130
2020-11-23 00:00:00+00:00,330282,314436,2823,13023,959,63,634,561,289,92,238,110,7,3125,0.20288,6442,12050,139,655,53670,959,52500,1.6459330143540511,42.45835175013129,123
2020-11-24 00:00:00+00:00,331139,314984,2829,13326,857,49,608,542,281,86,220,108,6,3125,0.19456,6153,12377,134,548,60000,857,58727,0.527207682169073,131.8214368616055,126
2020-11-25 00:00:00+00:00,332218,315836,2834,13548,1079,81,620,573,292,81,228,108,5,3125,0.1984,4618,12539,163,852,61037,1079,59641,5.3193481925454265,13.37425894441003,121
2020-11-26 00:00:00+00:00,333305,316772,2843,13690,1087,67,628,559,281,83,233,109,9,3125,0.20096,4893,12727,131,936,54563,1087,53376,5.61977592032723,12.67748707762134,115
2020-11-27 00:00:00+00:00,334336,317470,2849,14017,1031,37,586,543,279,74,219,107,6,3125,0.18752,4726,13059,142,698,48852,1031,47971,4.344165684458656,16.29993558862233,115
2020-11-28 00:00:00+00:00,334918,317894,2859,14165,582,48,586,564,266,83,220,99,10,3125,0.18752,4434,13180,148,424,17528,582,17182,2.581894465063739,27.19155791014263,107
2020-11-29 00:00:00+00:00,335942,319008,2869,14065,1024,84,641,561,275,86,257,95,10,3125,0.20512,6905,13077,154,1114,40461,1024,39521,4.121440931256881,17.16231949506998,106
2020-11-30 00:00:00+00:00,337195,319749,2876,14570,1253,98,649,571,272,85,262,88,7,3125,0.20768,6253,13579,148,741,58850,1253,57534,4.44175857380269,15.94930549264106,105
2020-12-01 00:00:00+00:00,338394,320452,2886,15056,1199,92,652,587,277,87,265,81,10,3125,0.20864,6506,14034,163,703,65295,1199,63980,4.947200925791973,14.35468060079706,99
2020-12-02 00:00:00+00:00,339982,321300,2891,15791,1588,82,662,600,291,104,251,85,5,3125,0.21184,6181,14757,162,848,72832,1588,71286,7.0158511371468,10.22238765920961,100
2020-12-03 00:00:00+00:00,341434,322741,2901,15792,1452,92,678,602,307,99,246,83,10,3125,0.21696,6392,14736,182,1441,65499,1452,64183,4.701184956208127,15.08801516627806,106
2020-12-04 00:00:00+00:00,342948,323610,2911,16427,1514,100,698,626,324,94,257,93,10,3125,0.22336,5318,15330,199,869,61639,1514,60403,5.941690244802556,12.00906472299992,114
2020-12-05 00:00:00+00:00,343948,324210,2921,16817,1000,79,696,660,331,89,258,86,10,3125,0.22272,4540,15682,203,600,25875,1000,25369,4.853692522062247,14.62465782045446,108
2020-12-06 00:00:00+00:00,345310,325621,2929,16760,1362,83,732,639,343,88,279,83,8,3125,0.23424,6940,15644,205,1411,42928,1362,42066,3.7430786267995453,18.86255470313267,115
2020-12-07 00:00:00+00:00,347169,326536,2936,17697,1859,88,725,646,335,101,269,84,7,3125,0.232,6419,16590,189,915,67667,1859,66092,6.468830059777986,11.05813928634968,113
2020-12-08 00:00:00+00:00,348937,327436,2948,18553,1768,96,729,652,326,116,265,89,12,3125,0.23328,6183,17412,217,900,70495,1768,69159,5.7048325646681395,12.49354478948142,116
2020-12-09 00:00:00+00:00,350803,328477,2962,19364,1866,104,741,660,322,115,285,90,14,3125,0.23712,6125,18174,258,1041,75469,1866,73870,2.636820639286741,26.63230307676949,112
2020-12-10 00:00:00+00:00,352808,329923,2975,19910,2005,108,759,670,319,128,285,94,13,3125,0.24288,6428,18714,254,1446,77818,2005,76338,5.110433416504945,13.9070684321246,110
2020-12-11 00:00:00+00:00,354643,331077,2987,20579,1835,107,767,704,338,110,295,98,12,3125,0.24544,5141,19335,268,1154,77210,1835,75688,2.822226129769656,24.90526517329086,113
2020-12-12 00:00:00+00:00,355939,332002,3003,20934,1296,87,775,739,343,124,292,101,16,3125,0.248,4486,19634,289,925,44860,1296,43994,2.530996152201781,27.73146861178737,119
2020-12-13 00:00:00+00:00,357668,333927,3012,20729,1729,128,860,772,378,137,316,99,9,3125,0.2752,6992,19385,300,1925,51475,1729,50515,3.060628804937027,22.992047071331,116
2020-12-14 00:00:00+00:00,359983,335199,3023,21761,2315,141,902,796,385,154,316,95,11,3125,0.28864,6590,20347,346,1272,73697,2315,72212,3.6899174623725717,19.12937725494808,120
2020-12-15 00:00:00+00:00,362874,336413,3035,23426,2891,134,919,816,388,170,329,98,12,3125,0.29408,6032,21941,397,1214,83972,2891,82317,8.763852036834695,8.250882769668411,118
2020-12-16 00:00:00+00:00,365726,338048,3049,24629,2852,122,925,832,403,177,311,101,14,3125,0.296,5646,23065,461,1635,84130,2852,82479,7.074693262538556,10.14018354145807,126
2020-12-17 00:00:00+00:00,368572,340015,3066,25491,2846,142,966,878,429,159,322,104,17,3125,0.30912,5900,23853,489,1967,80670,2846,79125,5.6355960597735075,12.64285445375646,129
2020-12-18 00:00:00+00:00,371364,341586,3082,26696,2792,129,984,888,451,148,355,103,16,3125,0.31488,5128,24996,541,1571,76771,2792,75420,6.070794214666342,11.76090422696028,130
2020-12-19 00:00:00+00:00,373251,342682,3101,27468,1887,131,999,948,467,148,353,112,19,3125,0.31968,4713,25679,570,1096,62141,1887,60969,3.5344776030141754,19.95558929491968,146
2020-12-20 00:00:00+00:00,376344,345279,3120,27945,3093,151,1092,973,471,186,394,108,19,3125,0.34944,7157,26146,555,2597,73443,3093,72078,7.878927911275402,9.139674287082991,148
2020-12-21 00:00:00+00:00,380193,346856,3136,30201,3849,143,1116,1006,489,201,385,113,16,3125,0.35712,6374,28376,548,1577,95596,3849,93785,8.213750267723285,8.780877999475774,154
2020-12-22 00:00:00+00:00,384568,348489,3149,32930,4375,175,1163,1045,510,177,426,111,13,3125,0.37216,5896,31014,600,1633,95326,4375,93496,7.342899554675908,9.782174075185521,147
2020-12-23 00:00:00+00:00,388603,350532,3174,34897,4035,161,1205,1076,513,205,428,115,25,3125,0.3856,5726,32857,693,2043,99562,4035,97752,5.453120678528634,13.05452531289108,147
2020-12-24 00:00:00+00:00,392655,353425,3189,36041,4052,152,1218,1090,531,214,428,123,15,3125,0.38976,5775,33945,735,2893,102717,4052,100776,5.271670236482051,13.49213695417407,153
2020-12-25 00:00:00+00:00,396665,355846,3209,37610,4010,194,1244,1151,557,199,419,136,20,3125,0.39808,5012,35430,758,2421,87038,4010,85366,5.057509446497521,14.04903053807091,175
2020-12-26 00:00:00+00:00,399324,357679,3232,38413,2659,150,1280,1222,578,206,450,130,23,3125,0.4096,4391,36200,720,1833,64929,2659,63690,3.051262795936927,23.06156911818979,169
2020-12-27 00:00:00+00:00,402852,361928,3253,37671,3528,196,1402,1223,614,242,470,148,21,3125,0.44864,6569,35506,671,4249,72925,3528,71639,1.668392590035661,41.89142574928754,187
2020-12-28 00:00:00+00:00,408371,364427,3286,40658,5519,184,1373,1203,617,210,483,147,33,3125,0.43936,5919,38532,652,2499,100039,5519,98110,6.2999849102157945,11.34540737894076,188
2020-12-29 00:00:00+00:00,414009,366842,3312,43855,5638,198,1391,1243,639,198,502,158,26,3125,0.44512,5866,41635,706,2415,99628,5638,97892,4.482220171765206,15.80841252409312,203
2020-12-30 00:00:00+00:00,419877,370593,3327,45957,5868,185,1414,1276,662,209,489,157,15,3125,0.45248,5936,43673,737,3751,103391,5868,101572,6.226011344723337,11.476170759565,207
2020-12-31 00:00:00+00:00,425752,374885,3363,47504,5875,221,1457,1309,706,197,489,169,36,3125,0.46624,5789,45179,745,4292,103598,5875,101899,5.829123233356781,12.234406491394,219
2021-01-01 00:00:00+00:00,431774,378386,3399,49989,6022,219,1494,1389,732,200,517,164,36,3125,0.47808,5344,47568,761,3501,101219,6022,99384,6.079100824848172,11.7452982735054,226
2021-01-02 00:00:00+00:00,435992,380452,3426,52114,4218,167,1512,1443,747,226,516,176,27,3125,0.48384,4783,49544,856,2066,77160,4218,75952,4.440456862912656,15.95388085746333,222
2021-01-03 00:00:00+00:00,441222,386072,3450,51700,5230,278,1721,1514,803,267,600,190,24,3125,0.55072,7009,49046,869,5620,79938,5230,78476,4.64164939456746,15.27716139214313,259
2021-01-04 00:00:00+00:00,449627,389192,3488,56947,8405,265,1748,1561,831,279,572,199,38,3125,0.55936,6210,54312,803,3120,111655,8405,109576,7.521501172791223,9.557928076522344,262
2021-01-05 00:00:00+00:00,457863,392186,3512,62165,8236,274,1816,1612,879,275,610,214,24,3125,0.58112,6129,59299,983,2994,116533,8236,114435,6.297265852239686,11.35015949914537,279
2021-01-06 00:00:00+00:00,465741,397020,3556,65165,7878,273,1860,1674,923,268,600,218,44,3125,0.5952,5934,62006,1214,4834,122921,7878,120579,4.583390340675875,15.46700819895378,280
2021-01-07 00:00:00+00:00,473385,402936,3604,66845,7644,264,1888,1695,932,279,622,221,48,3125,0.60416,6129,63623,1256,5916,117947,7644,115695,3.8570556427699243,18.31527641318499,283
2021-01-08 00:00:00+00:00,481545,407830,3650,70065,8160,260,1973,1827,950,293,643,219,46,3125,0.63136,4958,66574,1393,4894,116983,8160,114673,4.4884848739319425,15.78682501114589,297
2021-01-09 00:00:00+00:00,486702,410947,3671,72084,5157,227,1988,1906,1006,290,624,231,21,3125,0.63616,4737,68448,1459,3117,80258,5157,78550,1.8866408149323939,37.08524725591313,295
2021-01-10 00:00:00+00:00,493639,419402,3715,70522,6937,316,2170,1911,1082,328,662,239,44,3125,0.6944,7228,66905,1435,8455,96441,6937,94500,3.3661999605600457,20.93604584979411,307
2021-01-11 00:00:00+00:00,503351,424297,3744,75310,9712,287,2171,1940,1089,322,670,259,29,3125,0.69472,6909,71600,1499,4895,126326,9712,123571,2.493465860312494,28.14369403350909,319
2021-01-12 00:00:00+00:00,512646,428909,3800,79937,9295,272,2180,1967,1093,322,682,253,56,3125,0.6976,6643,76137,1562,4612,120995,9295,118216,1.9711860620951431,35.50941125500507,321
2021-01-13 00:00:00+00:00,522117,436990,3857,81270,9471,281,2178,1989,1105,342,645,263,57,3125,0.69696,6436,76919,2090,8081,122324,9471,119410,2.907836372597328,24.18213199484466,323
2021-01-14 00:00:00+00:00,531412,446288,3916,81208,9295,285,2194,1970,1147,336,639,264,59,3125,0.70208,6395,76978,1988,9298,124893,9295,121897,2.928551156520509,24.01351046214041,334
2021-01-15 00:00:00+00:00,539840,454372,3968,81500,8428,285,2212,2040,1177,304,672,265,52,3125,0.70784,4005,77538,1650,8084,102023,8428,99578,0.4618539645337538,150.4256038688445,335
2021-01-16 00:00:00+00:00,544928,458675,4016,82237,5088,233,2257,2160,1199,304,704,266,48,3125,0.72224,3627,78294,1511,4303,71754,5088,70226,-0.11836349601166421,-585.2622694598234,325
2021-01-17 00:00:00+00:00,550576,469698,4073,76805,5648,345,2437,2115,1204,364,771,275,57,3125,0.77984,6657,72812,1606,11023,64475,5648,62725,-2.213787654999477,-30.96259704013207,347
2021-01-18 00:00:00+00:00,560690,475917,4119,80654,10114,272,2351,2070,1193,345,743,275,46,3125,0.75232,5901,76724,1588,6219,102016,10114,99158,0.7060435217872474,98.51960256885376,351
2021-01-19 00:00:00+00:00,569312,481451,4165,83696,8622,281,2312,2052,1198,338,678,291,46,3125,0.73984,5692,79840,1532,5534,96080,8622,93299,-1.173721201974232,-58.70826625509839,368
2021-01-20 00:00:00+00:00,577673,490292,4219,83162,8361,260,2250,2014,1186,335,654,295,54,3125,0.72,5372,79233,1641,8841,93421,8361,90655,-1.9588465746655852,-35.0377595102682,376
2021-01-21 00:00:00+00:00,584942,500392,4267,80283,7269,262,2207,1938,1175,331,631,308,48,3125,0.70624,5979,76441,1630,10100,82622,7269,80150,-3.6467708258333897,-18.65843007159948,396
2021-01-22 00:00:00+00:00,592329,508961,4333,79035,7387,256,2142,1967,1173,313,614,317,66,3125,0.68544,5128,75217,1577,8569,86034,7387,83470,-1.944703904352696,-35.29510527863286,408
2021-01-23 00:00:00+00:00,594777,513177,4385,77215,2448,219,2104,2000,1191,296,572,304,52,3125,0.67328,4603,73454,1487,4216,30999,2448,30122,-5.029625254815295,-13.43173448236261,413
2021-01-24 00:00:00+00:00,599722,523704,4462,71556,4945,283,2226,1958,1195,327,655,325,77,3125,0.71232,6754,67858,1465,10527,54454,4945,52784,-1.410258982126023,-48.80295282113983,404
2021-01-25 00:00:00+00:00,608453,529381,4525,74547,8731,248,2169,1907,1205,307,606,233,63,3125,0.69408,6178,70999,1366,5677,91648,8731,88563,-2.814064216823342,-24.28331152106508,400
2021-01-26 00:00:00+00:00,616249,534520,4577,77152,7796,261,2098,1871,1208,269,573,306,52,3125,0.67136,5891,73603,1402,5139,83578,7796,80938,-1.7293721081171671,-39.73327684519867,411
2021-01-27 00:00:00+00:00,623974,542014,4640,77320,7725,234,2045,1842,1170,271,546,301,63,3125,0.6544,5885,73751,1451,7494,86096,7725,83301,-1.355007776381112,-50.80711827401406,403
2021-01-28 00:00:00+00:00,631157,551335,4687,75135,7183,232,2038,1843,1190,254,542,322,47,3125,0.65216,6065,71669,1348,9321,78520,7183,76120,-0.1857411287013333,-372.8324772438247,410
2021-01-29 00:00:00+00:00,637912,558917,4729,74266,6755,202,2004,1842,1163,248,540,319,42,3125,0.64128,4561,70819,1329,7582,74371,6755,71952,-1.367521367521363,-50.33901862850821,423
2021-01-30 00:00:00+00:00,640530,562508,4768,73254,2618,164,1954,1880,1156,229,525,300,39,3125,0.62528,4231,69813,1285,3591,26880,2618,26091,0.3729460544501073,186.2035816952163,392
2021-01-31 00:00:00+00:00,645757,572726,4818,68213,5227,260,2094,1843,1147,271,594,301,50,3125,0.67008,6877,64914,1180,10218,55054,5227,53275,0.6163530260310912,112.8056617564726,398
2021-02-01 00:00:00+00:00,654664,577927,4861,71876,8907,261,2075,1860,1140,275,585,311,43,3125,0.664,6291,68659,1079,5201,93110,8907,89771,0.3801455414358612,182.6836713235397,403
2021-02-02 00:00:00+00:00,662667,582395,4916,75356,8003,244,2062,1828,1117,320,548,314,55,3125,0.65984,6385,72071,1178,4468,88753,8003,85697,0.44795498809782064,155.0822150022098,418
2021-02-03 00:00:00+00:00,670108,590700,4968,74440,7441,242,2002,1765,1141,299,489,323,52,3125,0.64064,6260,71125,1271,8305,86214,7441,83285,-0.6139991813344237,-112.5436414640254,406
2021-02-04 00:00:00+00:00,677334,598961,5016,73357,7226,219,1963,1705,1123,277,457,328,48,3125,0.62816,6199,70105,1265,8261,84502,7226,81469,0.08887540102313629,780.2554426082613,397
2021-02-05 00:00:00+00:00,683881,606302,5046,72533,6547,202,1866,1705,1133,242,413,338,30,3125,0.59712,5080,69321,1219,7341,83986,6547,81478,-0.4591427890758615,-150.6186547764741,404
2021-02-06 00:00:00+00:00,686517,609390,5088,72039,2636,167,1833,1760,1140,229,399,326,42,3125,0.58656,4799,68824,1161,3088,28921,2636,28048,0.02610909249145532,2655.158022318915,411
2021-02-07 00:00:00+00:00,691074,618797,5113,67164,4557,85,1719,1718,1102,259,354,332,25,3125,0.55008,6393,63097,1085,9407,53618,4557,51716,-5.200878776673267,-12.97784265551357,410
